{
  "generated_at": "2025-12-01T03:33:00.500107",
  "total_repositories": 17,
  "analyzed_repositories": 14,
  "methods": {
    "nmf": {
      "method": "NMF",
      "n_topics": 5,
      "topics": [
        {
          "topic_id": 0,
          "words": [
            "course",
            "learning",
            "week",
            "pedagogy",
            "week curriculum",
            "nlp course",
            "grams",
            "transformers complete",
            "transformers",
            "discovery"
          ],
          "weights": [
            0.4183659120067238,
            0.34191250364453457,
            0.3119730616211333,
            0.3119730616211333,
            0.1923732262598146,
            0.1923732262598146,
            0.1923732262598146,
            0.1923732262598146,
            0.1923732262598146,
            0.1923732262598146
          ],
          "label": "course & learning & week"
        },
        {
          "topic_id": 1,
          "words": [
            "ai",
            "digital",
            "finance",
            "network",
            "automated",
            "repositories",
            "organization",
            "monitoring repositories",
            "monitoring",
            "digital ai"
          ],
          "weights": [
            0.2813206416948166,
            0.24962796386846306,
            0.22194543295197028,
            0.186018265306425,
            0.15014422694009655,
            0.1497706843365087,
            0.1497706843365087,
            0.1497706843365087,
            0.1497706843365087,
            0.1497706843365087
          ],
          "label": "ai & digital & finance"
        },
        {
          "topic_id": 2,
          "words": [
            "networks",
            "neural",
            "neural networks",
            "networks lecture",
            "series",
            "lecture series",
            "lecture",
            "level",
            "level neural",
            "bsc"
          ],
          "weights": [
            0.25069604697728654,
            0.25062778924987916,
            0.2479054248770652,
            0.1865516696992007,
            0.1865516696992007,
            0.1865516696992007,
            0.1865516696992007,
            0.1865516696992007,
            0.1865516696992007,
            0.1865516696992007
          ],
          "label": "networks & neural & neural networks"
        },
        {
          "topic_id": 3,
          "words": [
            "trading",
            "trading analysis",
            "microstructure research",
            "microstructure",
            "frequency",
            "high frequency",
            "high",
            "market",
            "market microstructure",
            "analysis market"
          ],
          "weights": [
            0.309760578429491,
            0.19787867403171197,
            0.19787867403171197,
            0.19787867403171197,
            0.19787867403171197,
            0.19787867403171197,
            0.19787867403171197,
            0.19787867403171197,
            0.19787867403171197,
            0.19787867403171197
          ],
          "label": "trading & trading analysis & microstructure research"
        },
        {
          "topic_id": 4,
          "words": [
            "undergraduate courses",
            "task oriented",
            "task",
            "undergraduate",
            "oriented",
            "materials undergraduate",
            "oriented nlp",
            "nlp educational",
            "materials",
            "educational"
          ],
          "weights": [
            0.23136618991216487,
            0.23136618991216487,
            0.23136618991216487,
            0.23136618991216487,
            0.23136618991216487,
            0.23136618991216487,
            0.23136618991216487,
            0.23136618991216487,
            0.23136618991216487,
            0.23136618991216487
          ],
          "label": "undergraduate courses & task oriented & task"
        }
      ],
      "repository_topics": [
        {
          "repository": "org-dashboard",
          "dominant_topic": 1,
          "topic_strength": 0.7520395338863716,
          "topic_distribution": [
            0.0,
            0.7520395338863716,
            0.0,
            0.0,
            0.0
          ]
        },
        {
          "repository": "portfolio-optimization-ml",
          "dominant_topic": 0,
          "topic_strength": 0.2595361918129752,
          "topic_distribution": [
            0.2595361918129752,
            0.0,
            0.0,
            0.0,
            0.0
          ]
        },
        {
          "repository": "credit-risk-prediction",
          "dominant_topic": 1,
          "topic_strength": 0.39271908420596396,
          "topic_distribution": [
            0.0,
            0.39271908420596396,
            0.2284088732448874,
            0.0,
            0.0
          ]
        },
        {
          "repository": "market-microstructure",
          "dominant_topic": 3,
          "topic_strength": 0.7523225852232513,
          "topic_distribution": [
            0.0,
            0.007211040415848739,
            0.0,
            0.7523225852232513,
            4.76420656773649e-39
          ]
        },
        {
          "repository": "Green-Finance",
          "dominant_topic": 0,
          "topic_strength": 0.5256651352192011,
          "topic_distribution": [
            0.5256651352192011,
            0.010997111601358316,
            0.0,
            0.009145031312674391,
            0.0
          ]
        },
        {
          "repository": "Natural-Language-Processing",
          "dominant_topic": 0,
          "topic_strength": 0.43850408864985047,
          "topic_distribution": [
            0.43850408864985047,
            0.0,
            0.0,
            0.0,
            0.06465906243706275
          ]
        },
        {
          "repository": "neural-networks",
          "dominant_topic": 2,
          "topic_strength": 0.7688888800206312,
          "topic_distribution": [
            0.06349032632883071,
            0.0,
            0.7688888800206312,
            0.0,
            0.0
          ]
        },
        {
          "repository": "ShareBuybacks",
          "dominant_topic": 3,
          "topic_strength": 0.7033727824633955,
          "topic_distribution": [
            0.008853897048404212,
            0.0,
            0.0,
            0.7033727824633955,
            0.0
          ]
        },
        {
          "repository": "quantlet-branding-tools",
          "dominant_topic": 1,
          "topic_strength": 0.15968661521008023,
          "topic_distribution": [
            0.04919646648755968,
            0.15968661521008023,
            0.0,
            0.0,
            0.0
          ]
        },
        {
          "repository": "demo-repository",
          "dominant_topic": 0,
          "topic_strength": 0.0,
          "topic_distribution": [
            0.0,
            0.0,
            0.0,
            0.0,
            0.0
          ]
        },
        {
          "repository": "neural-networks-introduction",
          "dominant_topic": 2,
          "topic_strength": 0.8537034405843184,
          "topic_distribution": [
            0.0,
            0.0,
            0.8537034405843184,
            0.0,
            0.0
          ]
        },
        {
          "repository": "Natural-Language-Processing-Details",
          "dominant_topic": 4,
          "topic_strength": 1.2070232573474846,
          "topic_distribution": [
            0.0,
            0.0,
            0.0,
            0.0,
            1.2070232573474846
          ]
        },
        {
          "repository": "digital-ai-in-finance",
          "dominant_topic": 1,
          "topic_strength": 0.7822521306765052,