{
  "generated_at": "2025-11-22T20:15:39.068729",
  "total_repositories": 6,
  "analyzed_repositories": 6,
  "methods": {
    "nmf": {
      "method": "NMF",
      "n_topics": 5,
      "topics": [
        {
          "topic_id": 0,
          "words": [
            "course",
            "week",
            "pedagogy",
            "transformers",
            "nlp course",
            "transformers complete",
            "nlp",
            "discovery",
            "grams",
            "week curriculum"
          ],
          "weights": [
            0.35114218155372495,
            0.24878483591106051,
            0.24878483591106051,
            0.17847612539027044,
            0.17847612539027044,
            0.17847612539027044,
            0.17847612539027044,
            0.17847612539027044,
            0.17847612539027044,
            0.17847612539027044
          ],
          "label": "course & week & pedagogy"
        },
        {
          "topic_id": 1,
          "words": [
            "repositories digital",
            "repositories",
            "organization",
            "monitoring repositories",
            "monitoring",
            "automated",
            "automated dashboard",
            "ai finance",
            "finance organization",
            "digital ai"
          ],
          "weights": [
            0.30014217803041904,
            0.30014217803041904,
            0.30014217803041904,
            0.30014217803041904,
            0.30014217803041904,
            0.30014217803041904,
            0.30014217803041904,
            0.30014217803041904,
            0.30014217803041904,
            0.30014217803041904
          ],
          "label": "repositories digital & repositories & organization"
        },
        {
          "topic_id": 2,
          "words": [
            "learning",
            "using",
            "portfolio optimization",
            "portfolio",
            "optimization using",
            "optimization",
            "reinforcement",
            "reinforcement learning",
            "machine learning",
            "using deep"
          ],
          "weights": [
            0.3584611441406386,
            0.21674853591206403,
            0.21674853591206403,
            0.21674853591206403,
            0.21674853591206403,
            0.21674853591206403,
            0.21674853591206403,
            0.21674853591206403,
            0.21674853591206403,
            0.21674853591206403
          ],
          "label": "learning & using & portfolio optimization"
        },
        {
          "topic_id": 3,
          "words": [
            "trading analysis",
            "trading",
            "microstructure research",
            "research",
            "frequency",
            "high frequency",
            "high",
            "market",
            "market microstructure",
            "microstructure"
          ],
          "weights": [
            0.27738115633491395,
            0.27738115633491395,
            0.27738115633491395,
            0.27738115633491395,
            0.27738115633491395,
            0.27738115633491395,
            0.27738115633491395,
            0.27738115633491395,
            0.27738115633491395,
            0.27738115633491395
          ],
          "label": "trading analysis & trading & microstructure research"
        },
        {
          "topic_id": 4,
          "words": [
            "models credit",
            "neural",
            "neural network",
            "network",
            "network models",
            "models",
            "prediction",
            "prediction explainable",
            "risk",
            "risk prediction"
          ],
          "weights": [
            0.25286841630578344,
            0.25286841630578344,
            0.25286841630578344,
            0.25286841630578344,
            0.25286841630578344,
            0.25286841630578344,
            0.25286841630578344,
            0.25286841630578344,
            0.25286841630578344,
            0.25286841630578344
          ],
          "label": "models credit & neural & neural network"
        }
      ],
      "repository_topics": [
        {
          "repository": "org-dashboard",
          "dominant_topic": 1,
          "topic_strength": 0.879288716590727,
          "topic_distribution": [
            0.0,
            0.879288716590727,
            0.0,
            0.0,
            2.233085136527019e-05
          ]
        },
        {
          "repository": "portfolio-optimization-ml",
          "dominant_topic": 2,
          "topic_strength": 1.0951062475964612,
          "topic_distribution": [
            0.0,
            0.0,
            1.0951062475964612,
            0.0,
            0.0
          ]
        },
        {
          "repository": "credit-risk-prediction",
          "dominant_topic": 4,
          "topic_strength": 1.0324154256275948,
          "topic_distribution": [
            0.0,
            0.0,
            0.0,
            0.0,
            1.0324154256275948
          ]
        },
        {
          "repository": "market-microstructure",
          "dominant_topic": 3,
          "topic_strength": 0.9998880305255419,
          "topic_distribution": [
            0.0,
            0.0,
            0.0,
            0.9998880305255419,
            0.0
          ]
        },
        {
          "repository": "Green-Finance",
          "dominant_topic": 0,
          "topic_strength": 0.6596262473157197,
          "topic_distribution": [
            0.6596262473157197,
            0.018562677611928126,
            0.04483697998683481,
            7.418124222017168e-36,
            0.0
          ]
        },
        {
          "repository": "Natural-Language-Processing",
          "dominant_topic": 0,
          "topic_strength": 0.682275626425969,
          "topic_distribution": [
            0.682275626425969,
            0.0,
            0.0,
            0.0,
            8.842873997154e-21
          ]
        }
      ],
      "vocabulary_size": 106,
      "visualizations": {
        "distribution": "docs/visualizations/topic_distribution_nmf.html",
        "words": "docs/visualizations/topic_words_nmf.html"
      }
    },
    "lda": {
      "method": "LDA",
      "n_topics": 5,
      "topics": [
        {
          "topic_id": 0,
          "words": [
            "based pedagogy",
            "nlp course",
            "discovery based",
            "transformers complete",
            "transformers",
            "nlp",
            "discovery",
            "grams transformers",
            "week curriculum",
            "based"
          ],
          "weights": [
            1.1996190421927235,
            1.1995686449825687,
            1.199276974578426,
            1.1992251544639947,
            1.199091610736664,
            1.1990664745536501,
            1.1989577329655525,
            1.1987672509756588,
            1.1987568425577002,
            1.1987394851427642
          ],
          "label": "based pedagogy & nlp course & discovery based"
        },
        {
          "topic_id": 1,
          "words": [
            "learning",
            "course",
            "credit",
            "goal",
            "professional certificate",
            "interactive",
            "academic course",
            "portfolio",
            "react",
            "goal driven"
          ],
          "weights": [
            3.1851428330705636,
            2.1921012770681965,
            1.2016220789869843,
            1.2001500009097523,
            1.2001234046815639,
            1.1997511384289272,
            1.199607068532964,
            1.1994674347676768,
            1.199374139132016,
            1.19927748335718
          ],
          "label": "learning & course & credit"
        },
        {
          "topic_id": 2,