{
  "generated_at": "2025-11-30T15:27:44.022856",
  "total_repositories": 16,
  "analyzed_repositories": 13,
  "methods": {
    "nmf": {
      "method": "NMF",
      "n_topics": 5,
      "topics": [
        {
          "topic_id": 0,
          "words": [
            "course",
            "learning",
            "week",
            "pedagogy",
            "week curriculum",
            "nlp course",
            "curriculum",
            "course grams",
            "discovery",
            "complete week"
          ],
          "weights": [
            0.4196596170000844,
            0.34641558559720714,
            0.3156033596744864,
            0.3156033596744864,
            0.19543084746447995,
            0.19543084746447995,
            0.19543084746447995,
            0.19543084746447995,
            0.19543084746447995,
            0.19543084746447995
          ],
          "label": "course & learning & week"
        },
        {
          "topic_id": 1,
          "words": [
            "ai",
            "digital",
            "finance",
            "network",
            "automated",
            "monitoring repositories",
            "digital ai",
            "finance organization",
            "monitoring",
            "automated dashboard"
          ],
          "weights": [
            0.278643881588644,
            0.253187673059369,
            0.22438540724515296,
            0.18147954275582223,
            0.15381387069785785,
            0.15323148020933847,
            0.15323148020933847,
            0.15323148020933847,
            0.15323148020933847,
            0.15323148020933847
          ],
          "label": "ai & digital & finance"
        },
        {
          "topic_id": 2,
          "words": [
            "neural",
            "neural networks",
            "networks",
            "series",
            "networks lecture",
            "level",
            "level neural",
            "bsc",
            "bsc level",
            "lecture"
          ],
          "weights": [
            0.2527091353170713,
            0.2460937902112593,
            0.2460937902112593,
            0.18275983438279067,
            0.18275983438279067,
            0.18275983438279067,
            0.18275983438279067,
            0.18275983438279067,
            0.18275983438279067,
            0.18275983438279067
          ],
          "label": "neural & neural networks & networks"
        },
        {
          "topic_id": 3,
          "words": [
            "trading",
            "trading analysis",
            "market microstructure",
            "microstructure",
            "microstructure research",
            "frequency",
            "frequency trading",
            "high frequency",
            "high",
            "market"
          ],
          "weights": [
            0.3034928526842218,
            0.18826470266413936,
            0.18826470266413936,
            0.18826470266413936,
            0.18826470266413936,
            0.18826470266413936,
            0.18826470266413936,
            0.18826470266413936,
            0.18826470266413936,
            0.18826470266413936
          ],
          "label": "trading & trading analysis & market microstructure"
        },
        {
          "topic_id": 4,
          "words": [
            "undergraduate courses",
            "undergraduate",
            "nlp educational",
            "task oriented",
            "task",
            "oriented",
            "oriented nlp",
            "materials",
            "courses",
            "educational"
          ],
          "weights": [
            0.2273849347757864,
            0.2273849347757864,
            0.2273849347757864,
            0.2273849347757864,
            0.2273849347757864,
            0.2273849347757864,
            0.2273849347757864,
            0.2273849347757864,
            0.2273849347757864,
            0.2273849347757864
          ],
          "label": "undergraduate courses & undergraduate & nlp educational"
        }
      ],
      "repository_topics": [
        {
          "repository": "org-dashboard",
          "dominant_topic": 1,
          "topic_strength": 0.7538611907911916,
          "topic_distribution": [
            0.0,
            0.7538611907911916,
            0.0,
            0.0,
            0.0
          ]
        },
        {
          "repository": "portfolio-optimization-ml",
          "dominant_topic": 0,
          "topic_strength": 0.25719666714998424,
          "topic_distribution": [
            0.25719666714998424,
            0.0,
            0.0,
            0.0,
            0.0
          ]
        },
        {
          "repository": "credit-risk-prediction",
          "dominant_topic": 1,
          "topic_strength": 0.3570769306883621,
          "topic_distribution": [
            0.0,
            0.3570769306883621,
            0.2677587543153171,
            0.0,
            0.0
          ]
        },
        {
          "repository": "market-microstructure",
          "dominant_topic": 3,
          "topic_strength": 0.751970635465103,
          "topic_distribution": [
            0.0,
            0.0148194324541103,
            0.0,
            0.751970635465103,
            0.0
          ]
        },
        {
          "repository": "Green-Finance",
          "dominant_topic": 0,
          "topic_strength": 0.5187979911958364,
          "topic_distribution": [
            0.5187979911958364,
            0.011193032623692575,
            0.0,
            0.010869977313752268,
            0.0
          ]
        },
        {
          "repository": "Natural-Language-Processing",
          "dominant_topic": 0,
          "topic_strength": 0.4333967383734091,
          "topic_distribution": [
            0.4333967383734091,
            0.0,
            0.0,
            0.0,
            0.06518402543314315
          ]
        },
        {
          "repository": "neural-networks",
          "dominant_topic": 2,
          "topic_strength": 0.8193448323430597,
          "topic_distribution": [
            0.05500776086316497,
            0.0,
            0.8193448323430597,
            0.0,
            0.0
          ]
        },
        {
          "repository": "ShareBuybacks",
          "dominant_topic": 3,
          "topic_strength": 0.7511608235921435,
          "topic_distribution": [
            0.007319157764376131,
            0.0,
            0.0,
            0.7511608235921435,
            0.0
          ]
        },
        {
          "repository": "quantlet-branding-tools",
          "dominant_topic": 1,
          "topic_strength": 0.16586927927025402,
          "topic_distribution": [
            0.045263043412081205,
            0.16586927927025402,
            0.0,
            0.0,
            0.0
          ]
        },
        {
          "repository": "demo-repository",
          "dominant_topic": 0,
          "topic_strength": 0.0,
          "topic_distribution": [
            0.0,
            0.0,
            0.0,
            0.0,
            0.0
          ]
        },
        {
          "repository": "neural-networks-introduction",
          "dominant_topic": 2,
          "topic_strength": 0.8718893736238748,
          "topic_distribution": [
            0.0,
            0.0,
            0.8718893736238748,
            8.038403228039555e-118,
            0.0
          ]
        },
        {
          "repository": "Natural-Language-Processing-Details",
          "dominant_topic": 4,
          "topic_strength": 1.2284855235183807,
          "topic_distribution": [
            0.0,
            0.0,
            0.0,
            0.0,
            1.2284855235183807
          ]
        },
        {
          "repository": "digital-ai-in-finance",
          "dominant_topic": 1,
          "topic_strength": 0.7794905232284417,